{"cameraMode":{"drawMode":0,"name":"Shaded","section":"Shading Mode"},"sceneLighting":true,"audioPlay":false,"sceneViewState":{"showFog":true,"showMaterialUpdate":false,"showSkybox":true,"showFlares":true,"showImageEffects":true,"showParticleSystems":true},"in2DMode":false,"pivot":{"x":292.66412353515627,"y":-172.59490966796876,"z":304.4658203125},"rotation":{"x":-0.20926176011562348,"y":-0.37114793062210085,"z":0.08624149858951569,"w":-0.9005905985832214},"size":464.4039611816406,"orthographic":false}