{"cameraMode":{"drawMode":0,"name":"Shaded","section":"Shading Mode"},"sceneLighting":true,"audioPlay":false,"sceneViewState":{"showFog":true,"showMaterialUpdate":false,"showSkybox":true,"showFlares":true,"showImageEffects":true,"showParticleSystems":true},"in2DMode":false,"pivot":{"x":14.274043083190918,"y":6.953124046325684,"z":29.383697509765626},"rotation":{"x":-0.20102204382419587,"y":-0.036294739693403247,"z":0.007230317685753107,"w":-0.9790599346160889},"size":22.0,"orthographic":false}