{"cameraMode":{"drawMode":0,"name":"Shaded","section":"Shading Mode"},"sceneLighting":true,"audioPlay":false,"sceneViewState":{"showFog":true,"showMaterialUpdate":false,"showSkybox":true,"showFlares":true,"showImageEffects":true,"showParticleSystems":true},"in2DMode":false,"pivot":{"x":467.041748046875,"y":-75.43094635009766,"z":223.39662170410157},"rotation":{"x":0.09020766615867615,"y":0.544372022151947,"z":-0.05699458345770836,"w":0.8329656720161438},"size":535.0510864257813,"orthographic":false}