{"cameraMode":{"drawMode":0,"name":"Shaded","section":"Shading Mode"},"sceneLighting":true,"audioPlay":false,"sceneViewState":{"showFog":true,"showMaterialUpdate":false,"showSkybox":true,"showFlares":true,"showImageEffects":true,"showParticleSystems":true},"in2DMode":false,"pivot":{"x":175.55654907226563,"y":-317.4654541015625,"z":410.7398376464844},"rotation":{"x":-0.35443681478500368,"y":-0.1774822175502777,"z":0.06864938139915467,"w":-0.9156647324562073},"size":548.2255859375,"orthographic":false}