{"cameraMode":{"drawMode":0,"name":"Shaded","section":"Shading Mode"},"sceneLighting":true,"audioPlay":false,"sceneViewState":{"showFog":true,"showMaterialUpdate":false,"showSkybox":true,"showFlares":true,"showImageEffects":true,"showParticleSystems":true},"in2DMode":false,"pivot":{"x":309.3131103515625,"y":-131.52255249023438,"z":301.1879577636719},"rotation":{"x":-0.14870020747184754,"y":-0.3869876563549042,"z":0.06329302489757538,"w":-0.9078908562660217},"size":464.4039611816406,"orthographic":false}