{"cameraMode":{"drawMode":0,"name":"Shaded","section":"Shading Mode"},"sceneLighting":true,"audioPlay":false,"sceneViewState":{"showFog":true,"showMaterialUpdate":false,"showSkybox":true,"showFlares":true,"showImageEffects":true,"showParticleSystems":true},"in2DMode":false,"pivot":{"x":-300.1022644042969,"y":-161.97560119628907,"z":407.07757568359377},"rotation":{"x":-0.1437608301639557,"y":0.47067341208457949,"z":-0.08996205031871796,"w":-0.8679723143577576},"size":594.7024536132813,"orthographic":false}