{"cameraMode":{"drawMode":0,"name":"Shaded","section":"Shading Mode"},"sceneLighting":true,"audioPlay":false,"sceneViewState":{"showFog":true,"showMaterialUpdate":false,"showSkybox":true,"showFlares":true,"showImageEffects":true,"showParticleSystems":true},"in2DMode":false,"pivot":{"x":-25.530319213867189,"y":-353.6492614746094,"z":-184.39569091796876},"rotation":{"x":-0.06753260642290116,"y":0.9153313040733337,"z":-0.3495226800441742,"w":-0.19665473699569703},"size":594.7024536132813,"orthographic":false}