{"cameraMode":{"drawMode":0,"name":"Shaded","section":"Shading Mode"},"sceneLighting":true,"audioPlay":false,"sceneViewState":{"showFog":true,"showMaterialUpdate":false,"showSkybox":true,"showFlares":true,"showImageEffects":true,"showParticleSystems":true},"in2DMode":false,"pivot":{"x":508.2071838378906,"y":-110.57379913330078,"z":121.27375793457031},"rotation":{"x":-0.10774163156747818,"y":-0.6212157011032105,"z":0.07675350457429886,"w":-0.7739156484603882},"size":552.3692626953125,"orthographic":false}