{"cameraMode":{"drawMode":0,"name":"Shaded","section":"Shading Mode"},"sceneLighting":true,"audioPlay":false,"sceneViewState":{"showFog":true,"showMaterialUpdate":false,"showSkybox":true,"showFlares":true,"showImageEffects":true,"showParticleSystems":true},"in2DMode":false,"pivot":{"x":26.51407241821289,"y":7.45171594619751,"z":25.18491554260254},"rotation":{"x":0.060959551483392718,"y":0.13150453567504884,"z":-0.007937133312225342,"w":0.9896044731140137},"size":22.989999771118165,"orthographic":false}