{"cameraMode":{"drawMode":0,"name":"Shaded","section":"Shading Mode"},"sceneLighting":true,"audioPlay":false,"sceneViewState":{"showFog":true,"showMaterialUpdate":false,"showSkybox":true,"showFlares":true,"showImageEffects":true,"showParticleSystems":true},"in2DMode":false,"pivot":{"x":360.2678527832031,"y":-102.35543823242188,"z":254.1865692138672},"rotation":{"x":-0.11645523458719254,"y":-0.46646279096603396,"z":0.0619991309940815,"w":-0.8746945858001709},"size":464.4039611816406,"orthographic":false}