{"cameraMode":{"drawMode":0,"name":"Shaded","section":"Shading Mode"},"sceneLighting":true,"audioPlay":false,"sceneViewState":{"showFog":true,"showMaterialUpdate":false,"showSkybox":true,"showFlares":true,"showImageEffects":true,"showParticleSystems":true},"in2DMode":false,"pivot":{"x":-0.8237138390541077,"y":29.418682098388673,"z":36.524696350097659},"rotation":{"x":-0.06775879859924317,"y":-0.0023952804040163757,"z":0.00018661344074644148,"w":-0.9977447986602783},"size":10.0,"orthographic":false}