{"cameraMode":{"drawMode":0,"name":"Shaded","section":"Shading Mode"},"sceneLighting":true,"audioPlay":false,"sceneViewState":{"showFog":true,"showMaterialUpdate":false,"showSkybox":true,"showFlares":true,"showImageEffects":true,"showParticleSystems":true},"in2DMode":false,"pivot":{"x":695.4445190429688,"y":-171.4103240966797,"z":291.8475036621094},"rotation":{"x":0.14125970005989076,"y":0.5713603496551514,"z":-0.10061182081699372,"w":0.8021680116653442},"size":646.7265625,"orthographic":false}